Season,R,Spieler,Team,Pos,GP,G,A,PTS,P/GP,Time on Ice,Win Shares,WS per game
2021-22,HC Lugano,Ugazzi Nicolò,Lugano,D,9,0,1,1,0.11,3794,0.0010861,0.0001207
2021-22,HC Lugano,Chiesa Alessandro,Lugano,D,52,0,1,1,0.02,38280,0.2301880,0.0044267
2021-22,HC Lugano,Wolf Bernd,Lugano,D,51,0,2,2,0.04,650.55,-0.0371815,-0.0007290
2021-22,HC Lugano,Riva Elia,Lugano,D,44,1,10,11,0.25,794.75,0.8785176,0.0199663
2021-22,HC Lugano,Loeffel Romain,Lugano,D,33,9,12,21,0.64,708.6,2.1123509,0.0640106
2021-22,HC Lugano,Näser Jari,Lugano,D,5,0,0,0,0,18.05,0.0426595,0.0085319
2021-22,HC Lugano,Villa Alessandro,Lugano,D,11,0,0,0,0,52.56666667,-0.0499765,-0.0045433
2021-22,HC Lugano,Guerra Samuel,Lugano,D,38,0,7,7,0.18,471.6833333,0.6220832,0.0163706
2021-22,HC Lugano,Alatalo Santeri,Lugano,D,50,5,33,38,0.76,1143.683333,2.3623449,0.0472469
2021-22,HC Lugano,Müller Mirco,Lugano,D,50,3,15,18,0.36,1144.683333,1.4392987,0.0287860
2021-22,HC Lugano,Josephs Troy,Lugano,F,38,13,12,25,0.66,676.25,1.2646396,0.0332800
2021-22,HC Lugano,Carr Daniel,Lugano,F,29,17,10,27,0.93,582.6666667,1.8600045,0.0641381
2021-22,HC Lugano,Bertaggia Alessio,Lugano,F,47,8,15,23,0.49,570.5666667,0.9231135,0.0196407
2021-22,HC Lugano,Herren Yannick,Lugano,F,26,2,1,3,0.12,254.9333333,0.0358580,0.0013792
2021-22,HC Lugano,Herburger Raphael,Lugano,F,45,5,13,18,0.4,738.8666667,0.5890806,0.0130907
2021-22,HC Lugano,Fazzini Luca,Lugano,F,52,17,26,43,0.83,924.5166667,2.1719310,0.0417679
2021-22,HC Lugano,Vedova Loic,Lugano,F,43,3,1,4,0.09,282.3,-0.0140194,-0.0003260
2021-22,HC Lugano,Traber Tim,Lugano,F,52,5,2,7,0.13,307.7166667,0.2020427,0.0038854
2021-22,HC Lugano,Morini Giovanni,Lugano,F,52,12,10,22,0.42,805.0333333,1.0394292,0.0199890
2021-22,HC Lugano,Arcobello Mark,Lugano,F,52,22,29,51,0.98,1010.1,2.5602975,0.0492365
2021-22,HC Lugano,Boedker Mikkel,Lugano,F,44,4,20,24,0.55,724.1666667,0.7980761,0.0181381
2021-22,HC Lugano,Walker Julian,Lugano,F,50,4,3,7,0.14,618.1166667,-0.0822286,-0.0016446
2021-22,HC Lugano,Thürkauf Calvin,Lugano,F,50,16,19,35,0.7,937.15,1.9012817,0.0380256
2021-22,HC Lugano,Stoffel Yves,Lugano,F,51,0,7,7,0.14,461.9833333,-0.1234825,-0.0024212
2021-22,HC Lugano,Tschumi Evan,Lugano,F,16,0,0,0,0,90.81666667,-0.1352174,-0.0084511
2021-22,HC Lugano,Werder Riccardo,Lugano,F,6,0,0,0,0,25.91666667,-0.0360784,-0.0060131
2021-22,HC Lugano,Abdelkader Justin,Lugano,F,6,0,1,1,0.17,104.45,-0.0448603,-0.0074767
2021-22,HC Ajoie,Birbaum Alain,Ajoie,D,51,1,4,5,0.1,1039.85,-0.3637656,-0.0071327
2021-22,HC Ajoie,Eigenmann Daniel,Ajoie,D,50,5,7,12,0.24,1033.45,0.9974958,0.0199499
2021-22,HC Ajoie,Hauert Jordane,Ajoie,D,51,0,7,7,0.14,936.8333333,-0.5035132,-0.0098728
2021-22,HC Ajoie,Pouilly Bastien,Ajoie,D,49,0,5,5,0.1,828.6333333,-0.2912671,-0.0059442
2021-22,HC Ajoie,Rouiller Anthony,Ajoie,D,44,0,10,10,0.23,774.9833333,0.0429664,0.0009765
2021-22,HC Ajoie,Gauthier-Leduc Jerome,Ajoie,D,31,7,14,21,0.68,635.6833333,1.0611370,0.0342302
2021-22,HC Ajoie,Helfer Even,Ajoie,D,24,0,0,0,0,117.3333333,-0.1214661,-0.0050611
2021-22,HC Ajoie,Gfeller Malo,Ajoie,D,9,0,0,0,0,23.95,0.0186407,0.0020712
2021-22,HC Ajoie,Fontana Colin,Ajoie,D,7,0,1,1,0.14,42.95,0.0093254,0.0013322
2021-22,HC Ajoie,Romanenghi Matteo,Ajoie,F,51,7,4,11,0.22,763.0333333,0.0497707,0.0009759
2021-22,HC Ajoie,Schweri Kay,Ajoie,F,36,4,10,14,0.39,382.3,0.5344967,0.0148471
2021-22,HC Ajoie,Asselin Guillaume,Ajoie,F,27,7,6,13,0.48,537.1833333,0.2305010,0.0085371
2021-22,HC Ajoie,Bogdanoff Lou,Ajoie,F,51,1,1,2,0.04,485.7833333,-0.5158880,-0.0101155
2021-22,HC Ajoie,Devos Philip-Michael,Ajoie,F,51,12,26,38,0.75,1170.166667,1.0470869,0.0205311
2021-22,HC Ajoie,Frei Lars,Ajoie,F,51,1,6,7,0.14,537.9666667,-0.4028297,-0.0078986
2021-22,HC Ajoie,Frossard Thibault,Ajoie,F,51,10,18,28,0.55,941.5,0.6449290,0.0126457
2021-22,HC Ajoie,Hazen Jonathan,Ajoie,F,8,2,4,6,0.75,178.3833333,0.2283515,0.0285439
2021-22,HC Ajoie,Joggi Mathias,Ajoie,F,40,2,3,5,0.12,622.5833333,-0.2894226,-0.0072356
2021-22,HC Ajoie,Macquat Steven,Ajoie,F,45,1,2,3,0.07,447.35,-0.2855995,-0.0063467
2021-22,HC Ajoie,Schmutz Reto,Ajoie,F,50,7,11,18,0.36,801.15,0.1588239,0.0031765
2021-22,HC Ajoie,Schnegg Arnaud,Ajoie,F,49,1,0,1,0.02,291.8333333,-0.4422522,-0.0090256
2021-22,HC Ajoie,Huber Ueli,Ajoie,F,51,6,9,15,0.29,763.95,-0.0408409,-0.0008008
2021-22,HC Ajoie,Fortier Maxime,Ajoie,F,29,11,2,13,0.45,543.4333333,0.5025859,0.0173305
2021-22,HC Ajoie,Wännström Sebastian,Ajoie,F,19,5,4,9,0.47,358.45,0.2201460,0.0115866
2021-22,HC Ambri-Piotta,Fohrler Tobias,Ambri-Piotta,D,48,0,6,6,0.12,688.55,0.5743252,0.0119651
2021-22,HC Ambri-Piotta,Dotti Isacco,Ambri-Piotta,D,50,5,7,12,0.24,869.3333333,1.4354059,0.0287081
2021-22,HC Ambri-Piotta,Hächler Cedric,Ambri-Piotta,D,32,0,1,1,0.03,315.1833333,0.0179125,0.0005598
2021-22,HC Ambri-Piotta,Dotti Zaccheo,Ambri-Piotta,D,51,4,3,7,0.14,743.4666667,0.8756178,0.0171690
2021-22,HC Ambri-Piotta,Fora Michael,Ambri-Piotta,D,39,5,13,18,0.46,791.7,1.7228296,0.0441751
2021-22,HC Ambri-Piotta,Pezzullo Rocco,Ambri-Piotta,D,26,0,2,2,0.08,204.8166667,0.2626572,0.0101022
2021-22,HC Ambri-Piotta,Fischer Jannik,Ambri-Piotta,D,45,0,4,4,0.09,626.7833333,0.0947587,0.0021057
2021-22,HC Ambri-Piotta,Burren Yanik,Ambri-Piotta,D,44,3,9,12,0.27,709.15,1.2290587,0.0279332
2021-22,HC Ambri-Piotta,Hietanen Juuso,Ambri-Piotta,D,50,2,17,19,0.38,1051.3,1.5706749,0.0314135
2021-22,HC Ambri-Piotta,Bürgler Dario,Ambri-Piotta,F,52,15,19,34,0.65,844.85,1.7905971,0.0344346
2021-22,HC Ambri-Piotta,Kneubuehler Johnny,Ambri-Piotta,F,52,7,12,19,0.37,681.0333333,0.8087205,0.0155523
2021-22,HC Ambri-Piotta,Dal Pian Giacomo,Ambri-Piotta,F,18,1,2,3,0.17,125.4666667,0.1689053,0.0093836
2021-22,HC Ambri-Piotta,Zwerger Dominic,Ambri-Piotta,F,47,9,19,28,0.6,770.8666667,1.1278337,0.0239965
2021-22,HC Ambri-Piotta,Trisconi Noele,Ambri-Piotta,F,50,3,3,6,0.12,575.4333333,-0.0882256,-0.0017645
2021-22,HC Ambri-Piotta,Bianchi Elias,Ambri-Piotta,F,52,4,4,8,0.15,563.3333333,0.1004288,0.0019313
2021-22,HC Ambri-Piotta,Grassi Daniele,Ambri-Piotta,F,50,7,12,19,0.38,689.1333333,0.7671764,0.0153435
2021-22,HC Ambri-Piotta,Kostner Diego,Ambri-Piotta,F,47,6,7,13,0.28,634.2833333,0.3479650,0.0074035
2021-22,HC Ambri-Piotta,D'Agostini Matt,Ambri-Piotta,F,21,4,3,7,0.33,344.6666667,0.2342440,0.0111545
2021-22,HC Ambri-Piotta,Conacher Cory,Ambri-Piotta,F,41,14,10,24,0.59,689.4166667,1.3611282,0.0331982
2021-22,HC Ambri-Piotta,Incir Patrick,Ambri-Piotta,F,24,2,0,2,0.08,168.8333333,0.1008920,0.0042038
2021-22,HC Ambri-Piotta,Neuenschwander Joël,Ambri-Piotta,F,9,0,0,0,0,19.9,-0.0326682,-0.0036298
2021-22,HC Ambri-Piotta,Heim André,Ambri-Piotta,F,52,14,15,29,0.56,906.3833333,1.5271272,0.0293678
2021-22,HC Ambri-Piotta,Pestoni Inti,Ambri-Piotta,F,52,16,23,39,0.75,889.6,2.1870854,0.0420593
2021-22,HC Ambri-Piotta,Regin Peter,Ambri-Piotta,F,41,3,20,23,0.56,686.2666667,0.6983984,0.0170341
2021-22,HC Ambri-Piotta,McMillan Brandon,Ambri-Piotta,F,45,12,9,21,0.47,709.8166667,1.1765666,0.0261459
2021-22,SC Bern,Pinana Christian,Bern,D,32,1,4,5,0.16,332.05,0.4104371,0.0128262
2021-22,SC Bern,Gerber Beat,Bern,D,48,1,6,7,0.15,891.85,0.7374143,0.0153628
2021-22,SC Bern,Henauer Mika,Bern,D,46,5,13,18,0.39,905.35,1.3468024,0.0292783
2021-22,SC Bern,Gerber Colin,Bern,D,51,2,4,6,0.12,761.0333333,0.4337707,0.0085053
2021-22,SC Bern,Thiry Thomas,Bern,D,48,2,6,8,0.17,756.0833333,0.8053397,0.0167779
2021-22,SC Bern,Untersander Ramon,Bern,D,42,9,21,30,0.71,1093.533333,2.6425643,0.0629182
2021-22,SC Bern,Andersson Calle,Bern,D,49,5,15,20,0.41,1027.183333,1.5238006,0.0310980
2021-22,SC Bern,Goloubef Cody,Bern,D,10,0,4,4,0.4,242.4,0.3179954,0.0317995
2021-22,SC Bern,Scherwey Tristan,Bern,F,35,9,15,24,0.69,615.25,1.0954212,0.0312977
2021-22,SC Bern,Berger Alain,Bern,F,48,1,1,2,0.04,213.2,-0.1484805,-0.0030933
2021-22,SC Bern,Jeffrey Dustin,Bern,F,23,4,8,12,0.52,461.1666667,0.5346450,0.0232454
2021-22,SC Bern,Moser Simon,Bern,F,48,10,21,31,0.65,954.7333333,1.3079869,0.0272497
2021-22,SC Bern,Praplan Vincent,Bern,F,38,6,14,20,0.53,621.8666667,0.3855518,0.0101461
2021-22,SC Bern,Neuenschwander Jan,Bern,F,46,1,3,4,0.09,459.6,-0.3312722,-0.0072016
2021-22,SC Bern,Sciaroni Gregory,Bern,F,48,3,2,5,0.1,421.5666667,0.0093852,0.0001955
2021-22,SC Bern,Gerber Jeremi,Bern,F,44,5,2,7,0.16,419.0333333,0.2266362,0.0051508
2021-22,SC Bern,Bader Thierry,Bern,F,51,9,8,17,0.33,777.7833333,0.6414519,0.0125775
2021-22,SC Bern,Daugavins Kaspars,Bern,F,34,10,15,25,0.74,617.45,1.3078511,0.0384662
2021-22,SC Bern,Kast Timothy,Bern,F,45,5,9,14,0.31,482.1666667,0.5297503,0.0117722
2021-22,SC Bern,Fahrni Joshua,Bern,F,49,3,10,13,0.27,638.75,0.2246550,0.0045848
2021-22,SC Bern,Ruefenacht Thomas,Bern,F,10,0,0,0,0,128.3166667,-0.1490580,-0.0149058
2021-22,SC Bern,Kahun Dominik,Bern,F,42,16,28,44,1.05,853.4666667,2.1494728,0.0511779
2021-22,SC Bern,Thomas Christian,Bern,F,28,10,7,17,0.61,519.2166667,0.9682532,0.0345805
2021-22,SC Bern,Varone Philip,Bern,F,42,8,17,25,0.6,822.65,0.9404800,0.0223924
2021-22,SC Bern,Fuss Noah,Bern,F,7,0,0,0,0,42.45,-0.0494453,-0.0070636
2021-22,SC Bern,Näf Santiago,Bern,F,10,0,0,0,0,40.46666667,-0.0302312,-0.0030231
2021-22,SC Bern,Dähler Ronny,Bern,F,7,0,0,0,0,26.91666667,-0.0733056,-0.0104722
2021-22,EHC Biel-Bienne,Fey Kevin,Biel-Bienne,D,17,0,1,1,0.06,233.4166667,-0.0740825,-0.0043578
2021-22,EHC Biel-Bienne,Stampfli Yanick,Biel-Bienne,D,44,1,8,9,0.2,432.8666667,0.4279631,0.0097264
2021-22,EHC Biel-Bienne,Rathgeb Yannick,Biel-Bienne,D,36,6,16,22,0.61,701.6333333,2.0193394,0.0560928
2021-22,EHC Biel-Bienne,Forster Beat,Biel-Bienne,D,49,0,7,7,0.14,848.7166667,0.5208722,0.0106300
2021-22,EHC Biel-Bienne,Grossmann Robin,Biel-Bienne,D,50,2,5,7,0.14,967.4333333,1.3354700,0.0267094
2021-22,EHC Biel-Bienne,Lööv Viktor,Biel-Bienne,D,46,6,21,27,0.59,962.75,2.4991136,0.0543286
2021-22,EHC Biel-Bienne,Yakovenko Alexander,Biel-Bienne,D,41,5,24,29,0.71,851.7666667,2.5380987,0.0619048
2021-22,EHC Biel-Bienne,Delémont Noah,Biel-Bienne,D,33,1,4,5,0.15,292.9833333,0.2201839,0.0066722
2021-22,EHC Biel-Bienne,Schneeberger Noah,Biel-Bienne,D,41,0,8,8,0.2,572.1833333,0.9913813,0.0241800
2021-22,EHC Biel-Bienne,Tanner Ramon,Biel-Bienne,F,29,1,3,4,0.14,279.7333333,0.0175367,0.0006047
2021-22,EHC Biel-Bienne,Cunti Luca,Biel-Bienne,F,42,7,18,25,0.6,713.9666667,1.2874980,0.0306547
2021-22,EHC Biel-Bienne,Kohler Gilian,Biel-Bienne,F,38,1,4,5,0.13,384.2166667,0.0009713,0.0000256
2021-22,EHC Biel-Bienne,Hofer Fabio,Biel-Bienne,F,34,9,12,21,0.62,548.6666667,1.0560960,0.0310616
2021-22,EHC Biel-Bienne,Rajala Toni,Biel-Bienne,F,51,22,26,48,0.94,972.6166667,2.8929625,0.0567248
2021-22,EHC Biel-Bienne,Karaffa Roman,Biel-Bienne,F,28,0,2,2,0.07,209.0666667,-0.1041381,-0.0037192
2021-22,EHC Biel-Bienne,Hügli Michael,Biel-Bienne,F,46,14,8,22,0.48,778.0666667,1.2663155,0.0275286
2021-22,EHC Biel-Bienne,Künzle Mike,Biel-Bienne,F,49,18,12,30,0.61,786.3166667,1.7894334,0.0365190
2021-22,EHC Biel-Bienne,Kessler Tino,Biel-Bienne,F,51,10,11,21,0.41,718.85,0.8996951,0.0176411
2021-22,EHC Biel-Bienne,Brunner Damien,Biel-Bienne,F,44,21,23,44,1,755.5833333,2.7201946,0.0618226
2021-22,EHC Biel-Bienne,Schläpfer Elvis,Biel-Bienne,F,48,4,2,6,0.12,428.1166667,0.1019168,0.0021233
2021-22,EHC Biel-Bienne,Hischier Luca,Biel-Bienne,F,27,6,7,13,0.48,335.25,0.7753306,0.0287159
2021-22,EHC Biel-Bienne,Froidevaux Etienne,Biel-Bienne,F,51,1,6,7,0.14,637.1,-0.2259574,-0.0044305
2021-22,EHC Biel-Bienne,Haas Gaëtan,Biel-Bienne,F,37,6,16,22,0.59,656.3833333,1.0553514,0.0285230
2021-22,EHC Biel-Bienne,Sallinen Jere,Biel-Bienne,F,32,11,8,19,0.59,549.05,1.0557974,0.0329937
2021-22,EHC Biel-Bienne,Garessus Lilian,Biel-Bienne,F,17,0,2,2,0.12,96.36666667,-0.0340888,-0.0020052
2021-22,EHC Biel-Bienne,Korpikoski Lauri,Biel-Bienne,F,11,0,1,1,0.09,136.3333333,-0.0768380,-0.0069853
2021-22,EHC Biel-Bienne,Indrasis Miks,Biel-Bienne,F,8,0,2,2,0.25,121.3333333,0.0173943,0.0021743
2021-22,HC Davos,Wellinger Thomas,Davos,D,47,2,4,6,0.13,767.7166667,0.7070730,0.0150441
2021-22,HC Davos,Nygren Magnus,Davos,D,51,6,19,25,0.49,1134.7,2.3444642,0.0459699
2021-22,HC Davos,Heinen Oliver,Davos,D,43,0,3,3,0.07,316.1666667,0.2503447,0.0058220
2021-22,HC Davos,Barandun Davyd,Davos,D,49,0,6,6,0.12,466.9333333,0.6540303,0.0133476
2021-22,HC Davos,Stoop Lukas,Davos,D,44,1,2,3,0.07,564.65,0.4750137,0.0107958
2021-22,HC Davos,Jung Sven,Davos,D,50,3,4,7,0.14,877.4333333,1.2179109,0.0243582
2021-22,HC Davos,Egli Dominik,Davos,D,47,6,18,24,0.51,903.4,2.0587262,0.0438027
2021-22,HC Davos,Zgraggen Jesse,Davos,D,51,0,10,10,0.2,848.9833333,1.0597262,0.0207789
2021-22,HC Davos,Ambühl Andres,Davos,F,49,13,18,31,0.63,850.4833333,1.3488391,0.0275273
2021-22,HC Davos,Nussbaumer Valentin,Davos,F,16,5,3,8,0.5,201.3666667,0.5045871,0.0315367
2021-22,HC Davos,Wieser Marc,Davos,F,46,5,5,10,0.22,646.7333333,0.0822926,0.0017890
2021-22,HC Davos,Ritzmann Fabian,Davos,F,10,0,0,0,0,43.53333333,-0.0295917,-0.0029592
2021-22,HC Davos,Corvi Enzo,Davos,F,45,7,25,32,0.71,811.7333333,1.2662288,0.0281384
2021-22,HC Davos,Frehner Yannick,Davos,F,43,10,8,18,0.42,572.7833333,0.9336169,0.0217120
2021-22,HC Davos,Egli Chris,Davos,F,50,4,11,15,0.3,708.6166667,0.4394779,0.0087896
2021-22,HC Davos,Canova Jannik,Davos,F,25,1,0,1,0.04,167.1833333,-0.0736087,-0.0029443
2021-22,HC Davos,Knak Simon,Davos,F,42,6,5,11,0.26,409.9833333,0.4783127,0.0113884
2021-22,HC Davos,Schmutz Julian,Davos,F,50,10,12,22,0.44,658.8833333,1.1679467,0.0233589
2021-22,HC Davos,Prassl Raphael,Davos,F,48,8,13,21,0.44,693.4666667,0.7740715,0.0161265
2021-22,HC Davos,Simic Axel,Davos,F,43,9,6,15,0.35,513.4833333,0.7874641,0.0183131
2021-22,HC Davos,Stransky Matej,Davos,F,49,26,20,46,0.94,922.75,3.1191876,0.0636569
2021-22,HC Davos,Bromé Mathias,Davos,F,41,14,35,49,1.2,789.9,2.7544883,0.0671826
2021-22,HC Davos,Rasmussen Dennis,Davos,F,51,10,26,36,0.71,999.0333333,1.6957411,0.0332498
2021-22,HC Davos,Pospisil Kristian,Davos,F,8,1,0,1,0.12,123.9,-0.0619193,-0.0077399
2021-22,HC Davos,Hammerer Gian-Marco,Davos,F,5,0,1,1,0.2,29.53333333,0.0088079,0.0017616
2021-22,Fribourg-Gottéron,Chavaillaz Benjamin,Fribourg-Gotteron,D,45,0,5,5,0.11,662,0.7783978,0.0172977
2021-22,Fribourg-Gottéron,Furrer Philippe,Fribourg-Gotteron,D,43,1,2,3,0.07,760.35,0.5970453,0.0138848
2021-22,Fribourg-Gottéron,Jecker Benoit,Fribourg-Gotteron,D,50,3,9,12,0.24,727.5166667,0.8922777,0.0178456
2021-22,Fribourg-Gottéron,Gunderson Ryan,Fribourg-Gotteron,D,50,4,25,29,0.58,1172.05,2.2630175,0.0452603
2021-22,Fribourg-Gottéron,Sutter Dave,Fribourg-Gotteron,D,49,2,10,12,0.24,938.0666667,1.4698169,0.0299963
2021-22,Fribourg-Gottéron,Kamerzin Jérémie,Fribourg-Gotteron,D,21,0,0,0,0,177.0166667,-0.0281463,-0.0013403
2021-22,Fribourg-Gottéron,Dufner Mauro,Fribourg-Gotteron,D,39,1,7,8,0.21,537.1666667,1.1969474,0.0306910
2021-22,Fribourg-Gottéron,Diaz Raphael,Fribourg-Gotteron,D,37,5,14,19,0.51,732.8333333,1.7831980,0.0481945
2021-22,Fribourg-Gottéron,Walser Samuel,Fribourg-Gotteron,F,47,10,10,20,0.43,686.1166667,1.0328096,0.0219747
2021-22,Fribourg-Gottéron,Haussener Timo,Fribourg-Gotteron,F,38,1,2,3,0.08,267.2166667,-0.0288426,-0.0007590
2021-22,Fribourg-Gottéron,Brodin Daniel,Fribourg-Gotteron,F,46,10,9,19,0.41,713.4166667,0.8583646,0.0186601
2021-22,Fribourg-Gottéron,Rossi Matthias,Fribourg-Gotteron,F,46,10,5,15,0.33,525.3,0.8631367,0.0187638
2021-22,Fribourg-Gottéron,Desharnais David,Fribourg-Gotteron,F,47,19,24,43,0.91,942.4166667,2.2890744,0.0487037
2021-22,Fribourg-Gottéron,Mottet Killian,Fribourg-Gotteron,F,49,18,25,43,0.88,912.15,2.2111545,0.0451256
2021-22,Fribourg-Gottéron,Jobin Gaëtan,Fribourg-Gotteron,F,32,0,2,2,0.06,202.95,-0.0577457,-0.0018046
2021-22,Fribourg-Gottéron,Schmid Sandro,Fribourg-Gotteron,F,50,9,18,27,0.54,796.85,1.3763432,0.0275269
2021-22,Fribourg-Gottéron,Bougro Jordann,Fribourg-Gotteron,F,44,1,3,4,0.09,293.3,-0.0719008,-0.0016341
2021-22,Fribourg-Gottéron,Sprunger Julien,Fribourg-Gotteron,F,41,18,19,37,0.9,710.35,2.2553459,0.0550084
2021-22,Fribourg-Gottéron,DiDomenico Christopher,Fribourg-Gotteron,F,49,15,39,54,1.1,903.5,2.8104787,0.0573567
2021-22,Fribourg-Gottéron,Bykov Andrey,Fribourg-Gotteron,F,38,4,5,9,0.24,529.2333333,0.2901386,0.0076352
2021-22,Fribourg-Gottéron,Marchon Nathan,Fribourg-Gotteron,F,49,20,11,31,0.63,812.5666667,2.0593286,0.0420271
2021-22,Fribourg-Gottéron,Jörg Mauro,Fribourg-Gotteron,F,44,7,18,25,0.57,623.3,1.2637573,0.0287218
2021-22,Genève-Servette HC,Tömmernes Henrik,Geneve,D,51,10,48,58,1.14,1324.216667,4.6481902,0.0911410
2021-22,Genève-Servette HC,Jacquemet Arnaud,Geneve,D,43,1,7,8,0.19,662.95,0.6291391,0.0146311
2021-22,Genève-Servette HC,Karrer Roger,Geneve,D,45,2,12,14,0.31,865.2166667,1.7764362,0.0394764
2021-22,Genève-Servette HC,Maurer Marco,Geneve,D,52,1,4,5,0.1,885.8666667,0.2737533,0.0052645
2021-22,Genève-Servette HC,Völlmin Michael,Geneve,D,52,1,4,5,0.1,647.7833333,0.5555457,0.0106836
2021-22,Genève-Servette HC,Smons Sandis,Geneve,D,32,0,3,3,0.09,205.3833333,0.3303292,0.0103228
2021-22,Genève-Servette HC,Le Coultre Simon,Geneve,D,50,2,11,13,0.26,745.35,0.9496293,0.0189926
2021-22,Genève-Servette HC,Chanton Giancarlo,Geneve,D,5,0,0,0,0,27.18333333,0.0164167,0.0032833
2021-22,Genève-Servette HC,Vatanen Sami,Geneve,D,38,9,30,39,1.03,866.55,2.8664700,0.0754334
2021-22,Genève-Servette HC,Pouliot Marc-Antoine,Geneve,F,27,11,9,20,0.74,456.75,1.1800292,0.0437048
2021-22,Genève-Servette HC,Winnik Daniel,Geneve,F,48,25,29,54,1.12,1046.016667,3.0734002,0.0640292
2021-22,Genève-Servette HC,Smirnovs Deniss,Geneve,F,52,2,9,11,0.21,647.7333333,0.1329250,0.0025563
2021-22,Genève-Servette HC,Riat Arnaud,Geneve,F,51,2,1,3,0.06,309.8166667,-0.1247565,-0.0024462
2021-22,Genève-Servette HC,Richard Tanner,Geneve,F,25,8,10,18,0.72,399.7,1.1169443,0.0446778
2021-22,Genève-Servette HC,Patry Stéphane,Geneve,F,36,1,5,6,0.17,304.2333333,0.1820318,0.0050564
2021-22,Genève-Servette HC,Miranda Marco,Geneve,F,25,1,6,7,0.28,406.5333333,-0.0544824,-0.0021793
2021-22,Genève-Servette HC,Vermin Joël,Geneve,F,52,21,12,33,0.63,952.6333333,1.7776970,0.0341865
2021-22,Genève-Servette HC,Berthon Eliot,Geneve,F,51,2,4,6,0.12,496.6833333,0.0267067,0.0005237
2021-22,Genève-Servette HC,Moy Tyler,Geneve,F,51,12,12,24,0.47,779.6166667,1.1174197,0.0219102
2021-22,Genève-Servette HC,Rod Noah,Geneve,F,27,4,11,15,0.56,518.2666667,0.6681052,0.0247446
2021-22,Genève-Servette HC,Vouillamoz Mathieu,Geneve,F,49,1,2,3,0.06,491.3833333,-0.1502110,-0.0030655
2021-22,Genève-Servette HC,Antonietti Benjamin,Geneve,F,37,3,2,5,0.14,386.5166667,0.1008476,0.0027256
2021-22,Genève-Servette HC,Filppula Valtteri,Geneve,F,48,19,28,47,0.98,1037.15,2.3863984,0.0497166
2021-22,Genève-Servette HC,Cavalleri Christophe,Geneve,F,22,0,0,0,0,74,-0.0675335,-0.0030697
2021-22,Genève-Servette HC,Campagna Theo,Geneve,F,5,0,0,0,0,8.9,-0.0059896,-0.0011979
2021-22,Genève-Servette HC,Jooris Josh,Geneve,F,48,10,15,25,0.52,889.8,1.0690760,0.0222724
2021-22,SCL Tigers,Zryd Miro,Langnau,D,30,0,3,3,0.1,429.4,-0.0601085,-0.0020036
2021-22,SCL Tigers,Elsener Janis,Langnau,D,36,0,1,1,0.03,479.8333333,-0.2403976,-0.0066777
2021-22,SCL Tigers,Leeger Larri,Langnau,D,34,2,3,5,0.15,584.8666667,-0.1382680,-0.0040667
2021-22,SCL Tigers,Huguenin Anthony,Langnau,D,31,6,17,23,0.74,628.8666667,1.4597952,0.0470902
2021-22,SCL Tigers,Grossniklaus Tim,Langnau,D,50,2,12,14,0.28,901.2333333,0.3918741,0.0078375
2021-22,SCL Tigers,Blaser Yannick,Langnau,D,46,1,13,14,0.3,867.6833333,0.4044815,0.0087931
2021-22,SCL Tigers,Erni Samuel,Langnau,D,37,2,4,6,0.16,645.9333333,0.2847100,0.0076949
2021-22,SCL Tigers,Guggenheim Bastian,Langnau,D,24,0,1,1,0.04,150.8833333,0.0300690,0.0012529
2021-22,SCL Tigers,Schilt Sebastian,Langnau,D,42,4,8,12,0.29,741.1666667,0.7237670,0.0172325
2021-22,SCL Tigers,Aeschbach Cédric,Langnau,D,21,1,1,2,0.1,181.2166667,-0.0439835,-0.0020945
2021-22,SCL Tigers,Olofsson Jesper,Langnau,F,43,25,25,50,1.16,817.2666667,2.8609963,0.0665348
2021-22,SCL Tigers,Salzgeber Joel,Langnau,F,37,3,0,3,0.08,375.2333333,-0.1899786,-0.0051346
2021-22,SCL Tigers,Berger Pascal,Langnau,F,50,4,5,9,0.18,723.2666667,-0.4002385,-0.0080048
2021-22,SCL Tigers,Weibel Keijo,Langnau,F,25,3,8,11,0.44,347.3166667,0.3614146,0.0144566
2021-22,SCL Tigers,Schmutz Flavio,Langnau,F,48,9,16,25,0.52,886.7833333,0.8777479,0.0182864
2021-22,SCL Tigers,Rohrbach Dario,Langnau,F,47,5,7,12,0.26,656.9,-0.0550507,-0.0011713
2021-22,SCL Tigers,Diem Nolan,Langnau,F,49,6,10,16,0.33,757.5666667,0.0222272,0.0004536
2021-22,SCL Tigers,Sturny Jules,Langnau,F,49,4,4,8,0.16,683.4333333,-0.3782922,-0.0077202
2021-22,SCL Tigers,Petrini Patrick,Langnau,F,46,2,3,5,0.11,546.2333333,-0.3902054,-0.0084827
2021-22,SCL Tigers,Loosli Michael,Langnau,F,42,1,6,7,0.17,464.7833333,-0.1355659,-0.0032278
2021-22,SCL Tigers,Langenegger Livio,Langnau,F,25,0,4,4,0.16,211.35,-0.0771604,-0.0030864
2021-22,SCL Tigers,Grenier Alexandre,Langnau,F,47,13,35,48,1.02,958.4666667,1.9224406,0.0409030
2021-22,SCL Tigers,Pesonen Harri,Langnau,F,50,21,23,44,0.88,995.4333333,1.9525363,0.0390507
2021-22,SCL Tigers,Saarela Aleksi,Langnau,F,31,10,12,22,0.71,602.4,0.7700043,0.0248388
2021-22,SCL Tigers,Lapinskis Oskars,Langnau,F,20,1,0,1,0.05,116.3166667,-0.1270854,-0.0063543
2021-22,Lausanne HC,Glauser Andrea,Lausanne,D,49,7,10,17,0.35,993.3,2.1351119,0.0435737
2021-22,Lausanne HC,Krueger Justin,Lausanne,D,40,0,1,1,0.02,321.25,0.0239303,0.0005983
2021-22,Lausanne HC,Marti Aurélien,Lausanne,D,43,1,7,8,0.19,605.25,0.3688031,0.0085768
2021-22,Lausanne HC,Frick Lukas,Lausanne,D,51,5,23,28,0.55,999.4,2.2070713,0.0432759
2021-22,Lausanne HC,Barberio Mark,Lausanne,D,14,0,6,6,0.43,276.7,0.3194631,0.0228188
2021-22,Lausanne HC,Heldner Fabian,Lausanne,D,48,3,5,8,0.17,845.8833333,1.0929358,0.0227695
2021-22,Lausanne HC,Genazzi Joël,Lausanne,D,47,7,23,30,0.64,889,2.5447393,0.0541434
2021-22,Lausanne HC,Gernat Martin,Lausanne,D,46,13,16,29,0.63,990.8666667,2.1688512,0.0471489
2021-22,Lausanne HC,Oejdemark Victor,Lausanne,D,7,0,0,0,0,29.08333333,0.0429879,0.0061411
2021-22,Lausanne HC,Fuchs Jason,Lausanne,F,41,10,24,34,0.83,678.1666667,1.9224544,0.0468891
2021-22,Lausanne HC,Baumgartner Benjamin,Lausanne,F,45,9,6,15,0.33,575.1666667,0.5288364,0.0117519
2021-22,Lausanne HC,Riat Damien,Lausanne,F,35,11,17,28,0.8,559.4,1.6754794,0.0478708
2021-22,Lausanne HC,Maillard Guillaume,Lausanne,F,37,6,2,8,0.22,386.7666667,0.4209362,0.0113767
2021-22,Lausanne HC,Jäger Ken,Lausanne,F,51,8,8,16,0.31,689.5,0.5787155,0.0113474
2021-22,Lausanne HC,Douay Floran,Lausanne,F,45,2,6,8,0.18,460.0333333,-0.0042316,-0.0000940
2021-22,Lausanne HC,Arnold Fabio,Lausanne,F,16,0,0,0,0,73.68333333,-0.0592775,-0.0037048
2021-22,Lausanne HC,Bertschy Christoph,Lausanne,F,51,13,15,28,0.55,849.6666667,1.2704282,0.0249104
2021-22,Lausanne HC,Emmerton Cory,Lausanne,F,34,5,5,10,0.29,616.8666667,0.0879925,0.0025880
2021-22,Lausanne HC,Krakauskas Emilijus,Lausanne,F,25,1,1,2,0.08,151.35,0.0376493,0.0015060
2021-22,Lausanne HC,Kenins Ronalds,Lausanne,F,43,7,13,20,0.47,684.1,0.7956656,0.0185039
2021-22,Lausanne HC,Almond Cody,Lausanne,F,32,7,6,13,0.41,408.1666667,0.6870728,0.0214710
2021-22,Lausanne HC,Bozon Tim,Lausanne,F,50,6,11,17,0.34,779.2666667,0.3706118,0.0074122
2021-22,Lausanne HC,Holdener Makai,Lausanne,F,38,0,5,5,0.13,197.9166667,0.1123702,0.0029571
2021-22,Lausanne HC,Sekac Jiri,Lausanne,F,50,19,27,46,0.92,891.25,2.7782304,0.0555646
2021-22,Lausanne HC,Frolik Michael,Lausanne,F,23,7,7,14,0.61,401.5333333,0.7219024,0.0313871
2021-22,Lausanne HC,Paré Francis,Lausanne,F,16,4,6,10,0.62,272.2833333,0.4775721,0.0298483
2021-22,Lausanne HC,Miele Andy,Lausanne,F,7,2,7,9,1.29,131.6666667,0.4667527,0.0666790
2021-22,SC Rapperswil-Jona Lakers,Aebischer David,Rapperswil-Jona,D,45,5,4,9,0.2,752.7166667,1.0772326,0.0239385
2021-22,SC Rapperswil-Jona Lakers,Maier Fabian,Rapperswil-Jona,D,42,1,3,4,0.1,649.8166667,0.5249422,0.0124986
2021-22,SC Rapperswil-Jona Lakers,Jelovac Igor,Rapperswil-Jona,D,46,2,13,15,0.33,811.8,1.3193846,0.0286823
2021-22,SC Rapperswil-Jona Lakers,Sataric Rajan,Rapperswil-Jona,D,41,2,6,8,0.2,613.95,1.2839112,0.0313149
2021-22,SC Rapperswil-Jona Lakers,Profico Leandro,Rapperswil-Jona,D,51,2,28,30,0.59,1007.85,2.2741793,0.0445918
2021-22,SC Rapperswil-Jona Lakers,Djuse Emil,Rapperswil-Jona,D,48,7,21,28,0.58,1024.05,2.2849091,0.0476023
2021-22,SC Rapperswil-Jona Lakers,Bircher Alain,Rapperswil-Jona,D,23,0,0,0,0,152.2333333,0.1725430,0.0075019
2021-22,SC Rapperswil-Jona Lakers,Baragano Inaki,Rapperswil-Jona,D,30,1,4,5,0.17,375.2833333,0.4187031,0.0139568
2021-22,SC Rapperswil-Jona Lakers,Vouardoux Nathan,Rapperswil-Jona,D,44,4,12,16,0.36,683.25,1.1608230,0.0263823
2021-22,SC Rapperswil-Jona Lakers,Lammer Dominic,Rapperswil-Jona,F,42,13,5,18,0.43,629.05,1.1805729,0.0281089
2021-22,SC Rapperswil-Jona Lakers,Zangger Sandro,Rapperswil-Jona,F,46,14,13,27,0.59,704.25,1.5214519,0.0330750
2021-22,SC Rapperswil-Jona Lakers,Neukom Benjamin,Rapperswil-Jona,F,38,0,2,2,0.05,262,-0.1854260,-0.0048796
2021-22,SC Rapperswil-Jona Lakers,Cervenka Roman,Rapperswil-Jona,F,52,20,44,64,1.23,989.2833333,3.6450807,0.0700977
2021-22,SC Rapperswil-Jona Lakers,Kossila Kalle,Rapperswil-Jona,F,7,2,1,3,0.43,121.9833333,0.0991563,0.0141652
2021-22,SC Rapperswil-Jona Lakers,Wick Jeremy,Rapperswil-Jona,F,52,16,13,29,0.56,868.9333333,1.7178310,0.0330352
2021-22,SC Rapperswil-Jona Lakers,Rowe Andrew,Rapperswil-Jona,F,42,7,15,22,0.52,728.1,0.9393447,0.0223654
2021-22,SC Rapperswil-Jona Lakers,Dünner Nico,Rapperswil-Jona,F,52,7,16,23,0.44,811.4333333,0.9971504,0.0191760
2021-22,SC Rapperswil-Jona Lakers,Lehmann Marco,Rapperswil-Jona,F,24,1,4,5,0.21,313.25,-0.0292687,-0.0012195
2021-22,SC Rapperswil-Jona Lakers,Wetter Gian-Marco,Rapperswil-Jona,F,44,6,12,18,0.41,490.5666667,0.7483350,0.0170076
2021-22,SC Rapperswil-Jona Lakers,Forrer Sandro,Rapperswil-Jona,F,40,10,9,19,0.48,457.5,1.1749678,0.0293742
2021-22,SC Rapperswil-Jona Lakers,Eggenberger Nando,Rapperswil-Jona,F,46,12,8,20,0.43,654.3,1.1926800,0.0259278
2021-22,SC Rapperswil-Jona Lakers,Albrecht Yannick-Lennart,Rapperswil-Jona,F,46,9,10,19,0.41,819.3833333,0.8942369,0.0194399
2021-22,SC Rapperswil-Jona Lakers,Brüschweiler Yannick,Rapperswil-Jona,F,50,8,5,13,0.26,498.1833333,0.5616868,0.0112337
2021-22,SC Rapperswil-Jona Lakers,Mitchell Zack,Rapperswil-Jona,F,51,11,12,23,0.45,842.9,1.1147440,0.0218577
2021-22,SC Rapperswil-Jona Lakers,Cajka Petr,Rapperswil-Jona,F,13,2,0,2,0.15,106.7166667,0.0796647,0.0061281
2021-22,SC Rapperswil-Jona Lakers,Moses Steve,Rapperswil-Jona,F,11,3,1,4,0.36,174.85,0.1925495,0.0175045
2021-22,EV Zug,Kreis Samuel,Zug,D,41,3,16,19,0.46,779.3333333,1.7421710,0.0424920
2021-22,EV Zug,Stadler Livio,Zug,D,31,2,4,6,0.19,502.9166667,0.5093963,0.0164321
2021-22,EV Zug,Schlumpf Dominik,Zug,D,47,5,11,16,0.34,842.3166667,1.5431381,0.0328327
2021-22,EV Zug,Cadonau Claudio,Zug,D,51,2,5,7,0.14,776.4666667,0.5961062,0.0116884
2021-22,EV Zug,Gross Nico,Zug,D,45,0,5,5,0.11,645.5,0.7447238,0.0165494
2021-22,EV Zug,Wüthrich Dario,Zug,D,37,0,2,2,0.05,299.9166667,0.3218324,0.0086982
2021-22,EV Zug,Nussbaumer Arno,Zug,D,7,0,0,0,0,48.55,0.0905395,0.0129342
2021-22,EV Zug,Djoos Christian,Zug,D,50,3,24,27,0.54,1046.833333,2.5111269,0.0502225
2021-22,EV Zug,Hansson Niklas,Zug,D,48,11,31,42,0.88,1055.316667,3.2443302,0.0675902
2021-22,EV Zug,Vogel Rémi,Zug,D,5,0,0,0,0,25.75,0.0813303,0.0162661
2021-22,EV Zug,Suri Reto,Zug,F,49,12,15,27,0.55,753.1166667,1.3230548,0.0270011
2021-22,EV Zug,Müller Marco,Zug,F,43,15,14,29,0.67,761.1166667,1.6768822,0.0389973
2021-22,EV Zug,Herzog Fabrice,Zug,F,38,15,11,26,0.68,663.7166667,1.5380878,0.0404760
2021-22,EV Zug,Bachofner Jérôme,Zug,F,43,9,10,19,0.44,602.0833333,0.8121223,0.0188866
2021-22,EV Zug,Zehnder Yannick,Zug,F,32,9,8,17,0.53,455.9833333,1.0764504,0.0336391
2021-22,EV Zug,Kovar Jan,Zug,F,46,9,34,43,0.93,899.7,1.8607174,0.0404504
2021-22,EV Zug,Martschini Lino,Zug,F,36,14,15,29,0.81,607.5166667,1.5684480,0.0435680
2021-22,EV Zug,Klingberg Carl,Zug,F,45,15,17,32,0.71,799.1,1.9137607,0.0425280
2021-22,EV Zug,Simion Dario,Zug,F,35,11,14,25,0.71,615.4166667,1.4984234,0.0428121
2021-22,EV Zug,Leuenberger Sven,Zug,F,51,1,11,12,0.24,710.5666667,0.2179905,0.0042743
2021-22,EV Zug,Senteler Sven,Zug,F,33,9,13,22,0.67,518.3,1.1941876,0.0361875
2021-22,EV Zug,Allenspach Dario,Zug,F,48,4,5,9,0.19,431.3666667,0.3225204,0.0067192
2021-22,EV Zug,Hofer Valentin,Zug,F,23,0,1,1,0.04,112.3166667,-0.0731665,-0.0031812
2021-22,EV Zug,Lander Anton,Zug,F,42,12,19,31,0.74,789.0666667,1.4667592,0.0349228
2021-22,EV Zug,De Nisco Luca,Zug,F,39,3,1,4,0.1,274.15,0.1229331,0.0031521
2021-22,EV Zug,Hofmann Gregory,Zug,F,17,11,9,20,1.18,293.6,1.2930098,0.0760594
2021-22,ZSC Lions,Guebey Enzo,Zurich,D,46,0,4,4,0.09,284.8666667,0.3913334,0.0085072
2021-22,ZSC Lions,Geering Patrick,Zurich,D,51,9,12,21,0.41,1191.566667,2.4887754,0.0487995
2021-22,ZSC Lions,Baltisberger Phil,Zurich,D,47,1,3,4,0.09,642.15,0.3472908,0.0073892
2021-22,ZSC Lions,Marti Christian,Zurich,D,51,2,12,14,0.27,983.2,1.1574195,0.0226945
2021-22,ZSC Lions,Noreau Maxim,Zurich,D,48,8,30,38,0.79,1005.666667,3.1058263,0.0647047
2021-22,ZSC Lions,Meier Noah,Zurich,D,10,0,0,0,0,17.25,-0.0650495,-0.0065050
2021-22,ZSC Lions,Trutmann Dario,Zurich,D,46,3,4,7,0.15,717.3666667,1.1396974,0.0247760
2021-22,ZSC Lions,Weber Yannick,Zurich,D,49,3,12,15,0.31,1084.466667,1.4277156,0.0291371
2021-22,ZSC Lions,Kivistö Tommi,Zurich,D,5,0,2,2,0.4,83.96666667,0.1580049,0.0316010
2021-22,ZSC Lions,Sopa Kyen,Zurich,F,41,4,7,11,0.27,346.15,0.5849432,0.0142669
2021-22,ZSC Lions,Roe Garrett,Zurich,F,37,10,19,29,0.78,617.7,1.3512054,0.0365191
2021-22,ZSC Lions,Andrighetto Sven,Zurich,F,47,19,19,38,0.81,843.0833333,2.2453078,0.0477725
2021-22,ZSC Lions,Sigrist Justin,Zurich,F,43,7,10,17,0.4,647.2,0.6407688,0.0149016
2021-22,ZSC Lions,Baltisberger Chris,Zurich,F,45,9,4,13,0.29,528.6,0.5183289,0.0115184
2021-22,ZSC Lions,Krüger Marcus,Zurich,F,45,8,19,27,0.6,810.2,1.2741769,0.0283150
2021-22,ZSC Lions,Schäppi Reto,Zurich,F,50,4,7,11,0.22,546.2166667,0.2640750,0.0052815
2021-22,ZSC Lions,Bodenmann Simon,Zurich,F,20,5,5,10,0.5,317.7166667,0.5901314,0.0295066
2021-22,ZSC Lions,Pedretti Marco,Zurich,F,45,7,6,13,0.29,578.0833333,0.6327744,0.0140617
2021-22,ZSC Lions,Diem Dominik,Zurich,F,41,5,6,11,0.27,476,0.4031018,0.0098318
2021-22,ZSC Lions,Hollenstein Denis,Zurich,F,43,13,20,33,0.77,698.9666667,1.7562688,0.0408435
2021-22,ZSC Lions,Riedi Willy,Zurich,F,16,0,0,0,0,70.2,-0.1097864,-0.0068617
2021-22,ZSC Lions,Azevedo Justin,Zurich,F,45,8,31,39,0.87,832.4833333,1.7487954,0.0388621
2021-22,ZSC Lions,Quenneville John,Zurich,F,46,20,17,37,0.8,816.85,2.1955253,0.0477288
2021-22,ZSC Lions,Aeschlimann Marc,Zurich,F,38,0,0,0,0,180.5666667,-0.2342194,-0.0061637
2021-22,ZSC Lions,Malgin Denis,Zurich,F,48,21,31,52,1.08,910.5166667,2.9422966,0.0612978
2021-22,ZSC Lions,Backman Victor,Zurich,F,12,1,4,5,0.42,135.3166667,0.2613365,0.0217780
2019-20,,Sandro Aeschlimann,HC Davos,G,34,,,,,1951,4.0758659,0.1198784
2019-20,,Dominic Nyffeler,Genève-Servette HC,G,13,,,,,787,1.1504056,0.0884927
2019-20,,Jakub Kovar,ZSC Lions,G,14,,,,,839,1.5995250,0.1142518
2019-20,,Reto Berra,HC Fribourg-Gottéron,G,43,,,,,2553,4.3146367,0.1003404
2019-20,,Luca Hollenstein,EV Zug,G,12,,,,,678,1.0078401,0.0839867
2019-20,,Gauthier Descloux,Genève-Servette HC,G,30,,,,,1742,2.7381847,0.0912728
2019-20,,Joren van PottelbergheDetroit Red Wings,EHC Biel-Bienne,G,44,,,,,2535,3.6403370,0.0827349
2019-20,,Melvin Nyffeler,SC Rapperswil-Jona Lakers,G,44,,,,,2641,3.7989708,0.0863402
2019-20,,Leonardo Genoni,EV Zug,G,40,,,,,2407,3.7097651,0.0927441
2019-20,,Philip Wüthrich,SC Bern,G,39,,,,,2300,3.7365473,0.0958089
2019-20,,Ludovic Waeber,ZSC Lions,G,30,,,,,1645,2.4190624,0.0806354
2019-20,,Daniel Manzato,SC Bern,G,15,,,,,834,1.3786720,0.0919115
2019-20,,Lukas Flüeler,ZSC Lions,G,12,,,,,627,0.9505666,0.0792139
2019-20,,Benjamin Conz,HC Ambrì-Piotta,G,26,,,,,1415,2.1267223,0.0817970
2019-20,,Niklas Schlegel,HC Lugano,G,24,,,,,1317,1.7305490,0.0721062
2019-20,,Luca Boltshauser,Lausanne HC,G,24,,,,,1342,1.5688242,0.0653677
2019-20,,Tobias Stephan,Lausanne HC,G,29,,,,,1683,1.7188031,0.0592691
2019-20,,Damiano Ciaccio,HC Ambrì-Piotta,G,26,,,,,1233,1.4314086,0.0550542
2019-20,,Thibault Fatton,HC Lugano,G,18,,,,,972,1.0070124,0.0559451
2019-20,,Ivars Punnenovs,SCL Tigers,G,29,,,,,1469,1.7540307,0.0604838
2019-20,,Tim Wolf,HC Ajoie,G,44,,,,,2421,2.9672636,0.0674378
2019-20,,Gilles SennNew Jersey Devils,HC Davos,G,21,,,,,1107,1.1238228,0.0535154
2019-20,,Robert Mayer,totals,G,21,,,,,1161,1.1411275,0.0543394
2019-20,,Connor Hughes,totals,G,11,,,,,542,0.2622575,0.0238416
2019-20,,Timur Shiyanov,Genève-Servette HC,G,1,,,,,5,0.0210139,0.0210139
2019-20,,Dmitri Shikin,EHC Biel-Bienne,G,3,,,,,179,0.3261269,0.1087090
2019-20,,Janne Juvonen,HC Ambrì-Piotta,G,7,,,,,424,0.6376263,0.0910895
2019-20,,Sandro Zurkirchen,Genève-Servette HC,G,4,,,,,243,0.4433511,0.1108378
2019-20,,Juho MarkkanenLos Angeles Kings,HC Lugano,G,3,,,,,127,0.3656819,0.1218940
2019-20,,Simon Rytz,SCL Tigers,G,1,,,,,63,0.0745782,0.0745782
2019-20,,Noël Bader,SC Rapperswil-Jona Lakers,G,9,,,,,488,0.4398463,0.0488718
2019-20,,Elien Paupe,EHC Biel-Bienne,G,7,,,,,362,0.2099297,0.0299900
2019-20,,Leland Irving,HC Lugano,G,7,,,,,419,0.1889158,0.0269880
2019-20,,Viktor Östlund,totals,G,7,,,,,368,0.2214661,0.0316380
2019-20,,Davide Fadani,HC Lugano,G,5,,,,,303,0.0927055,0.0185411
2019-20,,Nicola Aeberhard,HC Ajoie,G,5,,,,,205,0.0741644,0.0148329
2019-20,,Robin Meyer,EV Zug,G,1,,,,,60,-0.0094775,-0.0094775
2019-20,,Stefan Müller,HC Ambrì-Piotta,G,2,,,,,34,-0.0152457,-0.0076228
2019-20,,Robin Zumbühl,ZSC Lions,G,1,,,,,40,-0.0228685,-0.0228685
2019-20,,Loic Galley,totals,G,2,,,,,83,-0.0832330,-0.0416165
2019-20,,Gianluca Zaetta,SCL Tigers,G,2,,,,,80,-0.2029301,-0.1014650
2019-20,,Stéphane Charlin,Genève-Servette HC,G,5,,,,,255,-0.4491244,-0.0898249
2019-20,,Louis Kurt,SCL Tigers,G,3,,,,,111,-0.2245622,-0.0748541
2019-20,,Loris Uberti,Lausanne HC,G,1,,,,,36,-0.0795238,-0.0795238
2019-20,,Tim Baumann,SCL Tigers,G,4,,,,,103,-0.3588867,-0.0897217
2019-20,,Eino Rissanen,HC Ajoie,G,1,,,,,8,-0.0286368,-0.0286368
,,,,,,,,,,,,
,,,,,,,,,,,,
,,,,,,,,,,,,
,,,,,,,,,,,,
,,,,,,,,,,,,
,,,,,,,,,,,,
,,,,,,,,,,,,
,,,,,,,,,,,,
,,,,,,,,,,,,
,,,,,,,,,,,,
,,,,,,,,,,,,
,,,,,,,,,,,,
,,,,,,,,,,,,
,,,,,,,,,,,,
,,,,,,,,,,,,
,,,,,,,,,,,,
,,,,,,,,,,,,
,,,,,,,,,,,,
,,,,,,,,,,,,
,,,,,,,,,,,,
,,,,,,,,,,,,
,,,,,,,,,,,,
,,,,,,,,,,,,
,,,,,,,,,,,,
,,,,,,,,,,,,
,,,,,,,,,,,,
,,,,,,,,,,,,
,,,,,,,,,,,,
,,,,,,,,,,,,
,,,,,,,,,,,,
,,,,,,,,,,,,
,,,,,,,,,,,,
,,,,,,,,,,,,
,,,,,,,,,,,,
,,,,,,,,,,,,
,,,,,,,,,,,,
,,,,,,,,,,,,
,,,,,,,,,,,,
,,,,,,,,,,,,
,,,,,,,,,,,,
,,,,,,,,,,,,
,,,,,,,,,,,,
,,,,,,,,,,,,
,,,,,,,,,,,,
,,,,,,,,,,,,
,,,,,,,,,,,,
,,,,,,,,,,,,
,,,,,,,,,,,,
,,,,,,,,,,,,
,,,,,,,,,,,,
,,,,,,,,,,,,
,,,,,,,,,,,,
,,,,,,,,,,,,
,,,,,,,,,,,,
,,,,,,,,,,,,
,,,,,,,,,,,,
,,,,,,,,,,,,
,,,,,,,,,,,,
,,,,,,,,,,,,
,,,,,,,,,,,,
,,,,,,,,,,,,
,,,,,,,,,,,,
,,,,,,,,,,,,
,,,,,,,,,,,,
,,,,,,,,,,,,
,,,,,,,,,,,,
,,,,,,,,,,,,
,,,,,,,,,,,,
,,,,,,,,,,,,
,,,,,,,,,,,,
,,,,,,,,,,,,
,,,,,,,,,,,,
,,,,,,,,,,,,
,,,,,,,,,,,,
,,,,,,,,,,,,
,,,,,,,,,,,,
,,,,,,,,,,,,
,,,,,,,,,,,,
,,,,,,,,,,,,
,,,,,,,,,,,,
,,,,,,,,,,,,
,,,,,,,,,,,,
,,,,,,,,,,,,
,,,,,,,,,,,,
,,,,,,,,,,,,
,,,,,,,,,,,,
,,,,,,,,,,,,
,,,,,,,,,,,,
,,,,,,,,,,,,
,,,,,,,,,,,,
,,,,,,,,,,,,
,,,,,,,,,,,,
,,,,,,,,,,,,
,,,,,,,,,,,,
,,,,,,,,,,,,
,,,,,,,,,,,,
,,,,,,,,,,,,
,,,,,,,,,,,,
,,,,,,,,,,,,
,,,,,,,,,,,,
,,,,,,,,,,,,
,,,,,,,,,,,,
,,,,,,,,,,,,
,,,,,,,,,,,,
,,,,,,,,,,,,
,,,,,,,,,,,,
,,,,,,,,,,,,
,,,,,,,,,,,,
,,,,,,,,,,,,
,,,,,,,,,,,,
,,,,,,,,,,,,
,,,,,,,,,,,,
,,,,,,,,,,,,
,,,,,,,,,,,,
,,,,,,,,,,,,
,,,,,,,,,,,,
,,,,,,,,,,,,
,,,,,,,,,,,,
,,,,,,,,,,,,
,,,,,,,,,,,,
,,,,,,,,,,,,
,,,,,,,,,,,,
,,,,,,,,,,,,
,,,,,,,,,,,,
,,,,,,,,,,,,
,,,,,,,,,,,,
,,,,,,,,,,,,
,,,,,,,,,,,,
,,,,,,,,,,,,
,,,,,,,,,,,,
,,,,,,,,,,,,
,,,,,,,,,,,,
,,,,,,,,,,,,
,,,,,,,,,,,,
,,,,,,,,,,,,
,,,,,,,,,,,,
,,,,,,,,,,,,
,,,,,,,,,,,,
,,,,,,,,,,,,
,,,,,,,,,,,,
,,,,,,,,,,,,
,,,,,,,,,,,,
,,,,,,,,,,,,
,,,,,,,,,,,,
,,,,,,,,,,,,
,,,,,,,,,,,,
,,,,,,,,,,,,
,,,,,,,,,,,,
,,,,,,,,,,,,
,,,,,,,,,,,,
,,,,,,,,,,,,
,,,,,,,,,,,,
,,,,,,,,,,,,
,,,,,,,,,,,,
,,,,,,,,,,,,
,,,,,,,,,,,,
,,,,,,,,,,,,
,,,,,,,,,,,,
,,,,,,,,,,,,
,,,,,,,,,,,,
,,,,,,,,,,,,
,,,,,,,,,,,,
,,,,,,,,,,,,
,,,,,,,,,,,,
,,,,,,,,,,,,
,,,,,,,,,,,,
,,,,,,,,,,,,
,,,,,,,,,,,,
,,,,,,,,,,,,
,,,,,,,,,,,,
,,,,,,,,,,,,
,,,,,,,,,,,,
,,,,,,,,,,,,
,,,,,,,,,,,,
,,,,,,,,,,,,
,,,,,,,,,,,,
,,,,,,,,,,,,
,,,,,,,,,,,,
,,,,,,,,,,,,
,,,,,,,,,,,,
,,,,,,,,,,,,
,,,,,,,,,,,,
,,,,,,,,,,,,
,,,,,,,,,,,,
,,,,,,,,,,,,
,,,,,,,,,,,,
,,,,,,,,,,,,
,,,,,,,,,,,,
,,,,,,,,,,,,
,,,,,,,,,,,,
,,,,,,,,,,,,
,,,,,,,,,,,,
,,,,,,,,,,,,
,,,,,,,,,,,,
,,,,,,,,,,,,
,,,,,,,,,,,,
,,,,,,,,,,,,
,,,,,,,,,,,,
,,,,,,,,,,,,
,,,,,,,,,,,,
,,,,,,,,,,,,
,,,,,,,,,,,,
,,,,,,,,,,,,
,,,,,,,,,,,,
,,,,,,,,,,,,
,,,,,,,,,,,,
,,,,,,,,,,,,
,,,,,,,,,,,,
,,,,,,,,,,,,
,,,,,,,,,,,,
,,,,,,,,,,,,
,,,,,,,,,,,,
,,,,,,,,,,,,
,,,,,,,,,,,,
,,,,,,,,,,,,
,,,,,,,,,,,,
,,,,,,,,,,,,
,,,,,,,,,,,,
,,,,,,,,,,,,
,,,,,,,,,,,,
,,,,,,,,,,,,
,,,,,,,,,,,,
,,,,,,,,,,,,
,,,,,,,,,,,,
,,,,,,,,,,,,
,,,,,,,,,,,,
,,,,,,,,,,,,
,,,,,,,,,,,,
,,,,,,,,,,,,
,,,,,,,,,,,,
,,,,,,,,,,,,
,,,,,,,,,,,,
,,,,,,,,,,,,
,,,,,,,,,,,,
,,,,,,,,,,,,
,,,,,,,,,,,,
,,,,,,,,,,,,
,,,,,,,,,,,,
,,,,,,,,,,,,
,,,,,,,,,,,,
,,,,,,,,,,,,
,,,,,,,,,,,,
,,,,,,,,,,,,
,,,,,,,,,,,,
,,,,,,,,,,,,
,,,,,,,,,,,,
,,,,,,,,,,,,
,,,,,,,,,,,,
,,,,,,,,,,,,
,,,,,,,,,,,,
,,,,,,,,,,,,
,,,,,,,,,,,,
,,,,,,,,,,,,
,,,,,,,,,,,,
,,,,,,,,,,,,
,,,,,,,,,,,,
,,,,,,,,,,,,
,,,,,,,,,,,,
,,,,,,,,,,,,
,,,,,,,,,,,,
,,,,,,,,,,,,
,,,,,,,,,,,,
,,,,,,,,,,,,
,,,,,,,,,,,,
,,,,,,,,,,,,
,,,,,,,,,,,,
,,,,,,,,,,,,
,,,,,,,,,,,,
,,,,,,,,,,,,
,,,,,,,,,,,,
,,,,,,,,,,,,
,,,,,,,,,,,,
,,,,,,,,,,,,
,,,,,,,,,,,,
,,,,,,,,,,,,
,,,,,,,,,,,,
,,,,,,,,,,,,
,,,,,,,,,,,,
,,,,,,,,,,,,
,,,,,,,,,,,,
,,,,,,,,,,,,
,,,,,,,,,,,,
,,,,,,,,,,,,
,,,,,,,,,,,,
,,,,,,,,,,,,
,,,,,,,,,,,,
,,,,,,,,,,,,
,,,,,,,,,,,,
,,,,,,,,,,,,
,,,,,,,,,,,,
,,,,,,,,,,,,
,,,,,,,,,,,,
,,,,,,,,,,,,
,,,,,,,,,,,,
,,,,,,,,,,,,
,,,,,,,,,,,,
,,,,,,,,,,,,
,,,,,,,,,,,,
,,,,,,,,,,,,
,,,,,,,,,,,,
,,,,,,,,,,,,
,,,,,,,,,,,,
,,,,,,,,,,,,
,,,,,,,,,,,,
,,,,,,,,,,,,
,,,,,,,,,,,,
,,,,,,,,,,,,
,,,,,,,,,,,,
,,,,,,,,,,,,
,,,,,,,,,,,,
,,,,,,,,,,,,
,,,,,,,,,,,,
,,,,,,,,,,,,
,,,,,,,,,,,,
,,,,,,,,,,,,
,,,,,,,,,,,,
,,,,,,,,,,,,
,,,,,,,,,,,,
,,,,,,,,,,,,
,,,,,,,,,,,,
,,,,,,,,,,,,
,,,,,,,,,,,,
,,,,,,,,,,,,
,,,,,,,,,,,,
,,,,,,,,,,,,
,,,,,,,,,,,,
,,,,,,,,,,,,
,,,,,,,,,,,,
,,,,,,,,,,,,
,,,,,,,,,,,,
,,,,,,,,,,,,
,,,,,,,,,,,,
,,,,,,,,,,,,
,,,,,,,,,,,,
,,,,,,,,,,,,
,,,,,,,,,,,,
,,,,,,,,,,,,
,,,,,,,,,,,,
,,,,,,,,,,,,
,,,,,,,,,,,,
,,,,,,,,,,,,
,,,,,,,,,,,,
,,,,,,,,,,,,
,,,,,,,,,,,,
,,,,,,,,,,,,
,,,,,,,,,,,,
,,,,,,,,,,,,
,,,,,,,,,,,,
,,,,,,,,,,,,
,,,,,,,,,,,,
,,,,,,,,,,,,
,,,,,,,,,,,,
,,,,,,,,,,,,
,,,,,,,,,,,,
,,,,,,,,,,,,
,,,,,,,,,,,,
,,,,,,,,,,,,
,,,,,,,,,,,,
,,,,,,,,,,,,
,,,,,,,,,,,,
,,,,,,,,,,,,
,,,,,,,,,,,,
,,,,,,,,,,,,
,,,,,,,,,,,,
,,,,,,,,,,,,
,,,,,,,,,,,,
,,,,,,,,,,,,
,,,,,,,,,,,,
,,,,,,,,,,,,
,,,,,,,,,,,,
,,,,,,,,,,,,
,,,,,,,,,,,,
,,,,,,,,,,,,
,,,,,,,,,,,,
,,,,,,,,,,,,
,,,,,,,,,,,,
,,,,,,,,,,,,
,,,,,,,,,,,,
,,,,,,,,,,,,
,,,,,,,,,,,,
,,,,,,,,,,,,
,,,,,,,,,,,,
,,,,,,,,,,,,
,,,,,,,,,,,,
,,,,,,,,,,,,
,,,,,,,,,,,,
,,,,,,,,,,,,
,,,,,,,,,,,,
,,,,,,,,,,,,
,,,,,,,,,,,,
,,,,,,,,,,,,
,,,,,,,,,,,,
,,,,,,,,,,,,
,,,,,,,,,,,,
,,,,,,,,,,,,
,,,,,,,,,,,,
,,,,,,,,,,,,
,,,,,,,,,,,,
,,,,,,,,,,,,
,,,,,,,,,,,,
,,,,,,,,,,,,
,,,,,,,,,,,,
,,,,,,,,,,,,
,,,,,,,,,,,,
,,,,,,,,,,,,
,,,,,,,,,,,,
,,,,,,,,,,,,
,,,,,,,,,,,,
,,,,,,,,,,,,
,,,,,,,,,,,,
,,,,,,,,,,,,
,,,,,,,,,,,,
,,,,,,,,,,,,
,,,,,,,,,,,,
,,,,,,,,,,,,
,,,,,,,,,,,,
,,,,,,,,,,,,
,,,,,,,,,,,,
,,,,,,,,,,,,
,,,,,,,,,,,,
,,,,,,,,,,,,
,,,,,,,,,,,,
,,,,,,,,,,,,
,,,,,,,,,,,,
,,,,,,,,,,,,
,,,,,,,,,,,,
,,,,,,,,,,,,
,,,,,,,,,,,,
,,,,,,,,,,,,
,,,,,,,,,,,,
,,,,,,,,,,,,
,,,,,,,,,,,,
,,,,,,,,,,,,
,,,,,,,,,,,,
,,,,,,,,,,,,
,,,,,,,,,,,,
,,,,,,,,,,,,
,,,,,,,,,,,,
,,,,,,,,,,,,
,,,,,,,,,,,,
,,,,,,,,,,,,
,,,,,,,,,,,,
,,,,,,,,,,,,
,,,,,,,,,,,,
,,,,,,,,,,,,
,,,,,,,,,,,,
,,,,,,,,,,,,
,,,,,,,,,,,,
,,,,,,,,,,,,
,,,,,,,,,,,,
,,,,,,,,,,,,
,,,,,,,,,,,,
,,,,,,,,,,,,
,,,,,,,,,,,,
,,,,,,,,,,,,
,,,,,,,,,,,,
,,,,,,,,,,,,
,,,,,,,,,,,,
,,,,,,,,,,,,
,,,,,,,,,,,,
,,,,,,,,,,,,
,,,,,,,,,,,,
,,,,,,,,,,,,
,,,,,,,,,,,,
,,,,,,,,,,,,
,,,,,,,,,,,,
,,,,,,,,,,,,
,,,,,,,,,,,,
,,,,,,,,,,,,
,,,,,,,,,,,,
,,,,,,,,,,,,
,,,,,,,,,,,,
,,,,,,,,,,,,
,,,,,,,,,,,,
,,,,,,,,,,,,
,,,,,,,,,,,,
,,,,,,,,,,,,
,,,,,,,,,,,,
,,,,,,,,,,,,
,,,,,,,,,,,,
,,,,,,,,,,,,
,,,,,,,,,,,,
,,,,,,,,,,,,
,,,,,,,,,,,,
,,,,,,,,,,,,
,,,,,,,,,,,,
,,,,,,,,,,,,
,,,,,,,,,,,,
,,,,,,,,,,,,
,,,,,,,,,,,,
,,,,,,,,,,,,
,,,,,,,,,,,,
,,,,,,,,,,,,
,,,,,,,,,,,,
,,,,,,,,,,,,
,,,,,,,,,,,,
,,,,,,,,,,,,
,,,,,,,,,,,,
,,,,,,,,,,,,
,,,,,,,,,,,,
,,,,,,,,,,,,
,,,,,,,,,,,,
,,,,,,,,,,,,
,,,,,,,,,,,,
,,,,,,,,,,,,
,,,,,,,,,,,,
,,,,,,,,,,,,
,,,,,,,,,,,,
,,,,,,,,,,,,
,,,,,,,,,,,,
,,,,,,,,,,,,
,,,,,,,,,,,,
,,,,,,,,,,,,
,,,,,,,,,,,,
,,,,,,,,,,,,
,,,,,,,,,,,,
,,,,,,,,,,,,
,,,,,,,,,,,,
,,,,,,,,,,,,
,,,,,,,,,,,,
,,,,,,,,,,,,
,,,,,,,,,,,,
,,,,,,,,,,,,
,,,,,,,,,,,,
,,,,,,,,,,,,
,,,,,,,,,,,,
,,,,,,,,,,,,
,,,,,,,,,,,,
,,,,,,,,,,,,
,,,,,,,,,,,,
,,,,,,,,,,,,
,,,,,,,,,,,,
,,,,,,,,,,,,
,,,,,,,,,,,,
,,,,,,,,,,,,
,,,,,,,,,,,,
,,,,,,,,,,,,
,,,,,,,,,,,,
,,,,,,,,,,,,
,,,,,,,,,,,,
,,,,,,,,,,,,
,,,,,,,,,,,,
,,,,,,,,,,,,
,,,,,,,,,,,,
,,,,,,,,,,,,
,,,,,,,,,,,,
,,,,,,,,,,,,
,,,,,,,,,,,,
,,,,,,,,,,,,
,,,,,,,,,,,,
,,,,,,,,,,,,
,,,,,,,,,,,,
,,,,,,,,,,,,
,,,,,,,,,,,,
,,,,,,,,,,,,
,,,,,,,,,,,,
,,,,,,,,,,,,
,,,,,,,,,,,,
,,,,,,,,,,,,
,,,,,,,,,,,,
,,,,,,,,,,,,
,,,,,,,,,,,,
,,,,,,,,,,,,
,,,,,,,,,,,,
,,,,,,,,,,,,
,,,,,,,,,,,,
,,,,,,,,,,,,
,,,,,,,,,,,,
,,,,,,,,,,,,
,,,,,,,,,,,,
,,,,,,,,,,,,
,,,,,,,,,,,,
,,,,,,,,,,,,
,,,,,,,,,,,,
,,,,,,,,,,,,
,,,,,,,,,,,,
,,,,,,,,,,,,
,,,,,,,,,,,,
,,,,,,,,,,,,
,,,,,,,,,,,,
,,,,,,,,,,,,
,,,,,,,,,,,,
,,,,,,,,,,,,
,,,,,,,,,,,,
,,,,,,,,,,,,
,,,,,,,,,,,,
,,,,,,,,,,,,
,,,,,,,,,,,,
,,,,,,,,,,,,
,,,,,,,,,,,,
,,,,,,,,,,,,
,,,,,,,,,,,,
,,,,,,,,,,,,
,,,,,,,,,,,,
,,,,,,,,,,,,
,,,,,,,,,,,,
,,,,,,,,,,,,
,,,,,,,,,,,,
,,,,,,,,,,,,
,,,,,,,,,,,,
,,,,,,,,,,,,
,,,,,,,,,,,,
,,,,,,,,,,,,
,,,,,,,,,,,,
,,,,,,,,,,,,
,,,,,,,,,,,,
,,,,,,,,,,,,
,,,,,,,,,,,,
,,,,,,,,,,,,
,,,,,,,,,,,,
,,,,,,,,,,,,
,,,,,,,,,,,,
,,,,,,,,,,,,
,,,,,,,,,,,,
,,,,,,,,,,,,
,,,,,,,,,,,,
,,,,,,,,,,,,
,,,,,,,,,,,,
,,,,,,,,,,,,
,,,,,,,,,,,,
,,,,,,,,,,,,
,,,,,,,,,,,,
,,,,,,,,,,,,
,,,,,,,,,,,,
,,,,,,,,,,,,
,,,,,,,,,,,,
,,,,,,,,,,,,
,,,,,,,,,,,,
,,,,,,,,,,,,
,,,,,,,,,,,,
,,,,,,,,,,,,
,,,,,,,,,,,,
,,,,,,,,,,,,
,,,,,,,,,,,,
,,,,,,,,,,,,
,,,,,,,,,,,,
,,,,,,,,,,,,
